{
  "num_samples": 1000,
  "data_path": "/home/cbchae-spark2/mimo/BeamFormer/mini_demo/indoor_28g_dataset/t16x16_r2x1_test_small",
  "generator_path": "/home/cbchae-spark2/mimo/BeamFormer/mini_demo/saved_models/generator.pth",
  "estimator_path": "/home/cbchae-spark2/mimo/BeamFormer/mini_demo/saved_models/estimator.pth",
  "arn_model_path": "/home/cbchae-spark2/mimo/BeamFormer/mini_demo/saved_models/arn_model.pth",
  "beamformer_spectrum_size": 1600,
  "top_ks": [
    1,
    3,
    5,
    10,
    20,
    50
  ],
  "omp_max_sparsity": "equal to top_k for each curve",
  "omp_target": "dominant eigenvector of mean_f H_f^H H_f for the active receiver",
  "omp_dictionary": "unit-norm steering-vector columns from the BeamFormer top-K predicted RSS directions",
  "ebno_dbs": [
    -5.0,
    0.0,
    5.0,
    10.0,
    15.0,
    20.0
  ],
  "ber_mode": "QPSK Monte Carlo from gain ratios to optimal",
  "ber_symbols_per_sample": 512,
  "ber": {
    "Optimal": [
      0.212791015625,
      0.078943359375,
      0.0060625,
      4.8828125e-06,
      0.0,
      0.0
    ],
    "OMP top-1": [
      0.270876953125,
      0.14465234375,
      0.0418740234375,
      0.0129404296875,
      0.0091044921875,
      0.006904296875
    ],
    "OMP top-3": [
      0.2535380859375,
      0.1235087890625,
      0.0269482421875,
      0.005384765625,
      0.0032109375,
      0.0019921875
    ],
    "OMP top-5": [
      0.2461708984375,
      0.1146845703125,
      0.021326171875,
      0.00318359375,
      0.00179296875,
      0.0009921875
    ],
    "OMP top-10": [
      0.23702734375,
      0.10435546875,
      0.016412109375,
      0.002095703125,
      0.0011845703125,
      0.000615234375
    ],
    "OMP top-20": [
      0.229634765625,
      0.096181640625,
      0.012509765625,
      0.0013212890625,
      0.000771484375,
      0.0003349609375
    ],
    "OMP top-50": [
      0.2226015625,
      0.088947265625,
      0.0097685546875,
      0.0008955078125,
      0.0004423828125,
      0.00025
    ]
  },
  "gain_loss_to_optimal_db": {
    "Optimal": {
      "mean": 0.0,
      "median": 0.0,
      "p10": 0.0,
      "p90": 0.0,
      "min": 0.0,
      "max": 0.0
    },
    "OMP top-1": {
      "mean": 2.8780060257690967,
      "median": 1.7194618714221193,
      "p10": 0.5180474761675058,
      "p90": 4.723051878983712,
      "min": 0.10482472597266224,
      "max": 49.162180963435006
    },
    "OMP top-3": {
      "mean": 1.822394806687776,
      "median": 1.1142609267981172,
      "p10": 0.24388233349259567,
      "p90": 3.5100778610195253,
      "min": 0.030192619531291598,
      "max": 36.35775859846571
    },
    "OMP top-5": {
      "mean": 1.4375388946678394,
      "median": 0.8911751448091891,
      "p10": 0.18411502342353997,
      "p90": 3.0261633207472367,
      "min": 0.013826889226024264,
      "max": 33.53521553396325
    },
    "OMP top-10": {
      "mean": 1.0284037273143405,
      "median": 0.5758828005155223,
      "p10": 0.10832279714991984,
      "p90": 2.2177711272528544,
      "min": 0.0063619747797361015,
      "max": 28.10013296302219
    },
    "OMP top-20": {
      "mean": 0.7040910032149416,
      "median": 0.33125591360676054,
      "p10": 0.05924562056928551,
      "p90": 1.6160096741360337,
      "min": 0.002066967223115057,
      "max": 26.025948956730815
    },
    "OMP top-50": {
      "mean": 0.4159580911034414,
      "median": 0.15993420839174632,
      "p10": 0.0184799658589526,
      "p90": 0.9280700752231483,
      "min": 1.0984069419350817e-05,
      "max": 25.680483494947694
    }
  },
  "similarity_to_optimal": {
    "Optimal": {
      "mean": 1.0,
      "median": 1.0,
      "p10": 1.0,
      "p90": 1.0,
      "min": 1.0,
      "max": 1.0
    },
    "OMP top-1": {
      "mean": 0.7633339004884474,
      "median": 0.8132016658782959,
      "p10": 0.5501889944076538,
      "p90": 0.9401027381420136,
      "min": 0.002616778016090393,
      "max": 0.9879871606826782
    },
    "OMP top-3": {
      "mean": 0.828829096483998,
      "median": 0.8749222755432129,
      "p10": 0.6502752840518952,
      "p90": 0.9719083726406097,
      "min": 0.010119784623384476,
      "max": 0.9965202808380127
    },
    "OMP top-5": {
      "mean": 0.858207703076303,
      "median": 0.898320198059082,
      "p10": 0.6892453312873841,
      "p90": 0.9787454903125763,
      "min": 0.020213717594742775,
      "max": 0.9983853697776794
    },
    "OMP top-10": {
      "mean": 0.8965833082776516,
      "median": 0.9333454966545105,
      "p10": 0.7667050838470459,
      "p90": 0.9873619377613068,
      "min": 0.027043016627430916,
      "max": 0.9992620944976807
    },
    "OMP top-20": {
      "mean": 0.9278651502095163,
      "median": 0.9620521366596222,
      "p10": 0.82246635556221,
      "p90": 0.9931863963603973,
      "min": 0.03998323902487755,
      "max": 0.9997617602348328
    },
    "OMP top-50": {
      "mean": 0.9576781520545483,
      "median": 0.9813469648361206,
      "p10": 0.8929989099502563,
      "p90": 0.9978667974472046,
      "min": 0.05149966478347778,
      "max": 0.9999985694885254
    }
  }
}