{
  "num_samples": 1000,
  "data_path": "/home/cbchae-spark2/mimo/BeamFormer/mini_demo/indoor_28g_dataset/t16x16_r2x1_test_small",
  "generator_path": "/home/cbchae-spark2/mimo/BeamFormer/mini_demo/saved_models/generator.pth",
  "estimator_path": "/home/cbchae-spark2/mimo/BeamFormer/mini_demo/saved_models/estimator.pth",
  "arn_model_path": "/home/cbchae-spark2/mimo/BeamFormer/mini_demo/saved_models/arn_model.pth",
  "beamformer_spectrum_size": 1600,
  "top_k": 10,
  "omp_sparsity": 10,
  "omp_target": "dominant eigenvector of mean_f H_f^H H_f for the active receiver",
  "omp_dictionary": "unit-norm steering-vector columns from the BeamFormer top-k predicted RSS directions",
  "sweep_baseline": {
    "label": "64-beam uniform query-grid sweep (16 x 4)",
    "mode": "uniform_query_grid",
    "requested_sweep_size": 64,
    "query_grid": "80 x 20 BeamFormer query beam grid"
  },
  "gain_loss_to_optimal_db": {
    "Optimal vs 64-beam uniform query-grid sweep (16 x 4)": {
      "mean": 10.756856905218816,
      "median": 10.368883492588495,
      "p10": 3.753761579143851,
      "p90": 18.303071022230533,
      "min": 0.27547048902977167,
      "max": 26.398023389679445
    },
    "Optimal vs BeamFormer top-10 OMP": {
      "mean": 1.0284037538469266,
      "median": 0.5758828005155223,
      "p10": 0.10832279714991984,
      "p90": 2.2177711272528544,
      "min": 0.0063619747797361015,
      "max": 28.10013296302219
    }
  },
  "similarity_to_optimal": {
    "Optimal vs 64-beam uniform query-grid sweep (16 x 4)": {
      "mean": 0.3193753710705787,
      "median": 0.26221029460430145,
      "p10": 0.08937233537435532,
      "p90": 0.6382832944393159,
      "min": 0.005346762016415596,
      "max": 0.9687368869781494
    },
    "Optimal vs BeamFormer top-10 OMP": {
      "mean": 0.896583308396861,
      "median": 0.9333454966545105,
      "p10": 0.7667050838470459,
      "p90": 0.9873619377613068,
      "min": 0.027043016627430916,
      "max": 0.9992620944976807
    }
  },
  "omp_gain_loss_minus_sweep_gain_loss_db": {
    "mean": -9.728453151371891,
    "median": -9.125774624560506,
    "p10": -17.668078660723776,
    "p90": -2.701967723545351,
    "min": -26.335356706946193,
    "max": 19.23490703166661
  },
  "ebno_dbs": [
    -5.0,
    0.0,
    5.0,
    10.0,
    15.0,
    20.0
  ],
  "ber_mode": "monte_carlo",
  "ber_type": "Monte Carlo uncoded QPSK using method RSS / optimal RSS as the Eb/N0 scale",
  "ber_symbols_per_sample": 512,
  "ber": {
    "Optimal": [
      0.212791015625,
      0.078943359375,
      0.0060625,
      4.8828125e-06,
      0.0,
      0.0
    ],
    "64-beam uniform query-grid sweep (16 x 4)": [
      0.391814453125,
      0.31802734375,
      0.21986328125,
      0.1201240234375,
      0.0487744140625,
      0.0124873046875
    ],
    "BeamFormer top-10 OMP": [
      0.23702734375,
      0.10435546875,
      0.016412109375,
      0.002095703125,
      0.0011845703125,
      0.000615234375
    ]
  }
}